sesion,pregunta,n_ventanas,pct_neutral,pct_alegria,pct_tristeza,pct_enojo,pct_miedo,pct_asco,pct_sorpresa,pct_otra,pct_desconocida,emocion_mas_frecuente
001,1,32,0.625,0.3125,0.0312,0.0,0.0,0.0312,0.0,0.0,0.0,neutral
001,2,9,0.6667,0.3333,0.0,0.0,0.0,0.0,0.0,0.0,0.0,neutral
001,3,50,0.94,0.02,0.04,0.0,0.0,0.0,0.0,0.0,0.0,neutral
001,4,90,0.8333,0.0889,0.0333,0.0111,0.0,0.0333,0.0,0.0,0.0,neutral
001,5,23,0.9565,0.0,0.0,0.0,0.0,0.0,0.0,0.0435,0.0,neutral
001,6,78,0.8333,0.1154,0.0513,0.0,0.0,0.0,0.0,0.0,0.0,neutral
001,7,123,0.7561,0.2195,0.0244,0.0,0.0,0.0,0.0,0.0,0.0,neutral
002,1,15,0.6667,0.1333,0.1333,0.0,0.0,0.0667,0.0,0.0,0.0,neutral
002,2,1,1.0,0.0,0.0,0.0,0.0,0.0,0.0,0.0,0.0,neutral
002,3,15,0.8,0.0,0.1333,0.0,0.0667,0.0,0.0,0.0,0.0,neutral
002,4,14,0.7857,0.1429,0.0714,0.0,0.0,0.0,0.0,0.0,0.0,neutral
002,5,6,0.5,0.0,0.5,0.0,0.0,0.0,0.0,0.0,0.0,neutral
002,6,18,1.0,0.0,0.0,0.0,0.0,0.0,0.0,0.0,0.0,neutral
002,7,34,0.7647,0.0,0.1176,0.0294,0.0294,0.0588,0.0,0.0,0.0,neutral
003,1,4,0.5,0.25,0.0,0.0,0.0,0.25,0.0,0.0,0.0,neutral
003,2,9,0.7778,0.1111,0.0,0.0,0.0,0.1111,0.0,0.0,0.0,neutral
003,3,26,0.5769,0.0769,0.2692,0.0,0.0,0.0385,0.0385,0.0,0.0,neutral
003,4,40,0.65,0.0,0.35,0.0,0.0,0.0,0.0,0.0,0.0,neutral
003,5,61,0.6066,0.0,0.1967,0.0,0.0328,0.1148,0.0328,0.0,0.0164,neutral
003,6,118,0.5932,0.0085,0.3305,0.0254,0.0169,0.0085,0.0085,0.0,0.0085,neutral
003,7,64,0.4531,0.0625,0.375,0.0156,0.0312,0.0,0.0156,0.0312,0.0156,neutral
004,1,12,0.5,0.25,0.0,0.0,0.0,0.25,0.0,0.0,0.0,neutral
004,2,1,1.0,0.0,0.0,0.0,0.0,0.0,0.0,0.0,0.0,neutral
004,3,24,0.5833,0.0833,0.1667,0.0417,0.0,0.0833,0.0,0.0,0.0417,neutral
004,4,20,0.7,0.1,0.05,0.0,0.0,0.15,0.0,0.0,0.0,neutral
004,5,23,0.9565,0.0,0.0,0.0,0.0435,0.0,0.0,0.0,0.0,neutral
004,6,33,0.5152,0.0303,0.1515,0.0303,0.1212,0.1212,0.0,0.0,0.0303,neutral
004,7,19,0.5789,0.1053,0.1053,0.0,0.0,0.1579,0.0,0.0,0.0526,neutral
005,1,32,0.75,0.125,0.0312,0.0625,0.0312,0.0,0.0,0.0,0.0,neutral
005,2,1,0.0,1.0,0.0,0.0,0.0,0.0,0.0,0.0,0.0,alegria
005,3,59,0.6949,0.1186,0.0,0.0169,0.0508,0.1017,0.0,0.0,0.0169,neutral
005,4,28,0.6071,0.0714,0.1429,0.0,0.1429,0.0357,0.0,0.0,0.0,neutral
005,5,65,0.6308,0.0923,0.0923,0.0154,0.0308,0.0769,0.0308,0.0154,0.0154,neutral
005,6,100,0.72,0.13,0.03,0.06,0.02,0.03,0.0,0.0,0.01,neutral
005,7,42,0.2381,0.2381,0.3095,0.0,0.119,0.0476,0.0,0.0476,0.0,tristeza
006,1,42,0.8571,0.0476,0.0238,0.0,0.0,0.0476,0.0,0.0238,0.0,neutral
006,2,3,0.6667,0.3333,0.0,0.0,0.0,0.0,0.0,0.0,0.0,neutral
006,3,17,1.0,0.0,0.0,0.0,0.0,0.0,0.0,0.0,0.0,neutral
006,4,31,0.871,0.0323,0.0323,0.0,0.0,0.0645,0.0,0.0,0.0,neutral
006,5,31,0.8387,0.0323,0.0,0.0,0.0323,0.0968,0.0,0.0,0.0,neutral
006,6,28,0.8929,0.0357,0.0357,0.0,0.0357,0.0,0.0,0.0,0.0,neutral
006,7,39,0.7949,0.0513,0.0,0.0,0.0256,0.0769,0.0,0.0,0.0513,neutral
